"Refs","Value","Footprint","Qty","DNP","MPN","Description"
"C1","100n","Capacitor_SMD:C_0805_2012Metric_Pad1.18x1.45mm_HandSolder","1","","",""
"C2","100uF","Capacitor_SMD:C_0805_2012Metric_Pad1.18x1.45mm_HandSolder","1","","","100uF X5R 6.3V 0805 ceramic (e.g. Murata GRM21BR60J107ME15)"
"C3","10uF","Capacitor_SMD:C_0805_2012Metric_Pad1.18x1.45mm_HandSolder","1","","","Unpolarized capacitor"
"F1","500mA","Fuse:Fuse_0805_2012Metric","1","","","PPTC resettable fuse 0805, 0.5 A hold, 6 V (e.g. Littelfuse 0805L050)"
"J1","PC104_H1_H2","PC104:PC104-Stack-104pin","1","","",""
"J3","HDMI_A","Connector_Video:HDMI_A_Amphenol_10029449-x01xLF_Horizontal","1","","","HDMI type A connector"
"J4","CSI_FH12-22S-0.5SH","CM5IO:Hirose_FH12-22S-0.5SH_1x22-1MP_P0.50mm_Horizontal","1","","","CSI-2 camera connector, 22-way 0.5 mm FPC, Raspberry Pi 5 / CM5IO CAM-DISP pinout"
"J26","16P_USB_C","Connector_USB:USB_C_Receptacle_G-Switch_GT-USB-7010ASV","1","","","TYPE-C-31-M-12-Hroparts-5A 1 16P Female Type-C SMD USB Connectors ROHS"
"R1,R2","470R","Resistor_SMD:R_0805_2012Metric_Pad1.20x1.40mm_HandSolder","2","","",""
"R46,R47","5k1","Resistor_SMD:R_0805_2012Metric_Pad1.20x1.40mm_HandSolder","2","","","Resistor, small symbol"
"TP1,TP2,TP3,TP4,TP5","TestPoint","TestPoint:TestPoint_Pad_D1.5mm","5","","","test point"
"TP13","TestPoint_Small","TestPoint:TestPoint_Pad_D1.5mm","1","","","test point"
"U1","RaspberryPi_CM5","CM5IO:Raspberry-Pi-5-Compute-Module","1","","CM5xxxxxx","Raspberry Pi Compute Module 5, BCM2712 quad-core Cortex-A76 2.4 GHz SoM, 2/4/8/16 GB LPDDR4x, 0/16/32/64 GB eMMC, 2x 100-pin high-density connector (flat 200-pin single-unit symbol)"
"U3","MagJack-A70-112-331N126","CM5IO:TRJG0926HENL","1","","",""
"U21","USBLC6-2SC6","Package_TO_SOT_SMD:SOT-23-6","1","","","Very low capacitance ESD protection diode, 2 data-line, SOT-23-6"
